Название,Цена,Ссылка
Подвесной светильник Сансет Black,4190руб.,https://www.divan.ru/product/podvesnoj-svetilnik-sanset-black
Торшер Билли Black,14 490руб.,https://www.divan.ru/product/torsher-billi-black
Подвесной светильник Бабл-9,16 490руб.,https://www.divan.ru/product/podvesnoj-svetilnik-babl-9
Торшер Бабл-1,6190руб.,https://www.divan.ru/product/torsher-babl-1
Подвесной светильник Бабл-3,6190руб.,https://www.divan.ru/product/podvesnoj-svetilnik-babl-3
Бра Бабл Black,1990руб.,https://www.divan.ru/product/bra-babl-black
Настольная лампа Дэнди Black,3590руб.,https://www.divan.ru/product/nastolnaya-lampa-dendi-black
Настольная лампа Дэнди White,3590руб.,https://www.divan.ru/product/nastolnaya-lampa-dendi-white
Торшер Варио White,4990руб.,https://www.divan.ru/product/torsher-vario-white
Бра Варио Black,990руб.,https://www.divan.ru/product/bra-vario-black
Бра Варио White,990руб.,https://www.divan.ru/product/bra-vario-white
Подвесной светильник Сансет White,4190руб.,https://www.divan.ru/product/podvesnoj-svetilnik-sanset-white
Подвесной светильник Кэндел Black,2690руб.,https://www.divan.ru/product/podvesnoj-svetilnik-kendel-black
Подвесной светильник Кэндел White,2690руб.,https://www.divan.ru/product/podvesnoj-svetilnik-kendel-white
Торшер Вена Beige,9990руб.,https://www.divan.ru/product/torsher-vena-beige
Настольная лампа Сфера Orange,4990руб.,https://www.divan.ru/product/nastolnaya-lampa-sfera-orange
Торшер Осло Black,15 990руб.,https://www.divan.ru/product/torsher-oslo-black
Подвесной светильник Кая Black,2590руб.,https://www.divan.ru/product/podvesnoj-svetilnik-kaya-black
Торшер Вена Black,9990руб.,https://www.divan.ru/product/torsher-vena-black
Подвесной светильник Кая White,2590руб.,https://www.divan.ru/product/podvesnoj-svetilnik-kaya-white
Торшер Осло White,15 990руб.,https://www.divan.ru/product/torsher-oslo-white
Настольная лампа Гровер Glass,3990руб.,https://www.divan.ru/product/nastolnaya-lampa-grover-glass
Настольная лампа Сфера Black,3990руб.,https://www.divan.ru/product/nastolnaya-lampa-sfera-black
Настольная лампа Машрум Grey,3990руб.,https://www.divan.ru/product/nastolnaya-lampa-mashrum-grey
Настольная лампа Спайк Green,990руб.,https://www.divan.ru/product/nastolnaya-lampa-spajk-green
Настольная лампа Клауд White,11 590руб.,https://www.divan.ru/product/nastolnaya-lampa-klaud-white
Настольная лампа Рэй Black,2990руб.,https://www.divan.ru/product/nastolnaya-lampa-rej-black
Торшер Рэй White,3590руб.,https://www.divan.ru/product/torsher-rej-white
Торшер Рэй Black,4990руб.,https://www.divan.ru/product/torsher-rej-black
Настольная лампа Спайк Orange,790руб.,https://www.divan.ru/product/nastolnaya-lampa-spajk-orange
Подвесной светильник Портланд Black,2590руб.,https://www.divan.ru/product/podvesnoj-svetilnik-portland-black
Настольная лампа Гросс White,3590руб.,https://www.divan.ru/product/nastolnaya-lampa-gross-white
Торшер Мун Black,5990руб.,https://www.divan.ru/product/torsher-mun-black
Торшер Билли White,13 390руб.,https://www.divan.ru/product/torsher-billi-white
Торшер Варио Black,6190руб.,https://www.divan.ru/product/torsher-vario-black
Настольная лампа Раффи Round,4990руб.,https://www.divan.ru/product/nastolnaya-lampa-raffi-round
Торшер Гросс White,5990руб.,https://www.divan.ru/product/torsher-gross-white
Торшер Раффи Round,9490руб.,https://www.divan.ru/product/torsher-raffi-round
Бра Moderli Alina,3390руб.,https://www.divan.ru/product/bra-moderli-alina
Подвесной светильник Маро Green,11 690руб.,https://www.divan.ru/product/podvesnoj-svetilnik-maro-green
Настольная лампа Рэй White,2590руб.,https://www.divan.ru/product/nastolnaya-lampa-rej-white
Бра Tarbes-2,3290руб.,https://www.divan.ru/product/bra-tarbes-2
Светильник потолочный Matthew,4990руб.,https://www.divan.ru/product/svetilnik-potolochnyj-matthew
Настольная лампа Junior-4,2990руб.,https://www.divan.ru/product/nastolnaya-lampa-junior-4
Спот Лайт-1 Black,2390руб.,https://www.divan.ru/product/spot-lajt-1-black
Настольная лампа Junior-3,3870руб.,https://www.divan.ru/product/nastolnaya-lampa-junior-3
Настольная лампа Junior-1,3990руб.,https://www.divan.ru/product/nastolnaya-lampa-junior-1
Подвесной светильник Milligan,5490руб.,https://www.divan.ru/product/podvesnoj-svetilnik-milligan
